Payments	Blockchain	Trading & Investments	Planning	Lending	Insurance	BigData & Analysis	Security
card	analysis	building	analysis	business	artificial	automation	analysis
credit	assets	data	automation	credit	finance	business	authentication
debit	contracts	datadriven	budget	crowdfunding	forecast	data	compliance
economy	cryptocurrency	financial	federal	financial	health	development	cyber
financial	currency	investment	financial	funds	healthcare	healthcare	database
funds	deployment	marketing	industrial	innovation	insurance	insurance	deployment
global	development	return	private	insurance	management	management	development
innovation	digital	revenue		investment	pricing	optimization	encryption
money	encryption	risk		lending	risk	supply	financial
online	exchange	sales		loan	social		policy
payments	innovation	scaling		management	wealth		privacy
rewards	integration	science		money			risk
secure	machine	trade		retail			sales
services	optimization			risk			security
solution	product			secure			services
tax	risk			security			transaction
technoogical	science						
transfer	smart						
virtual	solution						
	trends						